date,entity_name,hits,entity_id
2021/07/01 00:00:00,ANO 2011,0,1
2021/07/01 00:00:00,Česká strana sociálně demokratická,1,3
2021/07/01 00:00:00,Starostové a nezávislí,0,8
2021/07/01 00:00:00,TOP 09,5,11
2021/07/01 00:00:00,Česká pirátská strana,0,2
2021/07/01 00:00:00,Svoboda a přímá demokracie,0,10
2021/07/01 00:00:00,Trikolora Svobodní Soukromníci,0,12
2021/07/01 00:00:00,Komunistická strana Čech a Moravy,0,5
2021/07/01 00:00:00,Strana zelených,11,9
2021/07/01 00:00:00,Robert Šlachta,28,7
2021/07/01 00:00:00,KDU-ČSL,0,4
2021/07/01 00:00:00,Občanská demokratická strana,0,6
2021/06/01 00:00:00,ANO 2011,0,1
2021/06/01 00:00:00,Česká strana sociálně demokratická,0,3
2021/06/01 00:00:00,Starostové a nezávislí,1,8
2021/06/01 00:00:00,TOP 09,6,11
2021/06/01 00:00:00,Česká pirátská strana,1,2
2021/06/01 00:00:00,Svoboda a přímá demokracie,0,10
2021/06/01 00:00:00,Trikolora Svobodní Soukromníci,0,12
2021/06/01 00:00:00,Komunistická strana Čech a Moravy,0,5
2021/06/01 00:00:00,Strana zelených,5,9
2021/06/01 00:00:00,Robert Šlachta,18,7
2021/06/01 00:00:00,KDU-ČSL,6,4
2021/06/01 00:00:00,Občanská demokratická strana,0,6
2021/05/01 00:00:00,ANO 2011,1,1
2021/05/01 00:00:00,Česká strana sociálně demokratická,0,3
2021/05/01 00:00:00,Starostové a nezávislí,1,8
2021/05/01 00:00:00,TOP 09,12,11
2021/05/01 00:00:00,Česká pirátská strana,1,2
2021/05/01 00:00:00,Svoboda a přímá demokracie,2,10
2021/05/01 00:00:00,Trikolora Svobodní Soukromníci,0,12
2021/05/01 00:00:00,Komunistická strana Čech a Moravy,0,5
2021/05/01 00:00:00,Strana zelených,2,9
2021/05/01 00:00:00,Robert Šlachta,26,7
2021/05/01 00:00:00,KDU-ČSL,0,4
2021/05/01 00:00:00,Občanská demokratická strana,0,6
2021/04/01 00:00:00,ANO 2011,2,1
2021/04/01 00:00:00,Česká strana sociálně demokratická,0,3
2021/04/01 00:00:00,Starostové a nezávislí,0,8
2021/04/01 00:00:00,TOP 09,4,11
2021/04/01 00:00:00,Česká pirátská strana,0,2
2021/04/01 00:00:00,Svoboda a přímá demokracie,2,10
2021/04/01 00:00:00,Trikolora Svobodní Soukromníci,0,12
2021/04/01 00:00:00,Komunistická strana Čech a Moravy,0,5
2021/04/01 00:00:00,Strana zelených,3,9
2021/04/01 00:00:00,Robert Šlachta,20,7
2021/04/01 00:00:00,KDU-ČSL,6,4
2021/04/01 00:00:00,Občanská demokratická strana,0,6
2021/03/01 00:00:00,ANO 2011,1,1
2021/03/01 00:00:00,Česká strana sociálně demokratická,0,3
2021/03/01 00:00:00,Starostové a nezávislí,0,8
2021/03/01 00:00:00,TOP 09,2,11
2021/03/01 00:00:00,Česká pirátská strana,1,2
2021/03/01 00:00:00,Svoboda a přímá demokracie,1,10
2021/03/01 00:00:00,Trikolora Svobodní Soukromníci,0,12
2021/03/01 00:00:00,Komunistická strana Čech a Moravy,0,5
2021/03/01 00:00:00,Strana zelených,8,9
2021/03/01 00:00:00,Robert Šlachta,18,7
2021/03/01 00:00:00,KDU-ČSL,10,4
2021/03/01 00:00:00,Občanská demokratická strana,5,6
2021/02/01 00:00:00,ANO 2011,0,1
2021/02/01 00:00:00,Česká strana sociálně demokratická,0,3
2021/02/01 00:00:00,Starostové a nezávislí,1,8
2021/02/01 00:00:00,TOP 09,5,11
2021/02/01 00:00:00,Česká pirátská strana,1,2
2021/02/01 00:00:00,Svoboda a přímá demokracie,0,10
2021/02/01 00:00:00,Trikolora Svobodní Soukromníci,0,12
2021/02/01 00:00:00,Komunistická strana Čech a Moravy,0,5
2021/02/01 00:00:00,Strana zelených,5,9
2021/02/01 00:00:00,Robert Šlachta,30,7
2021/02/01 00:00:00,KDU-ČSL,6,4
2021/02/01 00:00:00,Občanská demokratická strana,6,6
2021/01/01 00:00:00,ANO 2011,0,1
2021/01/01 00:00:00,Česká strana sociálně demokratická,0,3
2021/01/01 00:00:00,Starostové a nezávislí,0,8
2021/01/01 00:00:00,TOP 09,6,11
2021/01/01 00:00:00,Česká pirátská strana,0,2
2021/01/01 00:00:00,Svoboda a přímá demokracie,0,10
2021/01/01 00:00:00,Trikolora Svobodní Soukromníci,0,12
2021/01/01 00:00:00,Komunistická strana Čech a Moravy,0,5
2021/01/01 00:00:00,Strana zelených,1,9
2021/01/01 00:00:00,Robert Šlachta,27,7
2021/01/01 00:00:00,KDU-ČSL,0,4
2021/01/01 00:00:00,Občanská demokratická strana,5,6
2020/12/01 00:00:00,ANO 2011,0,1
2020/12/01 00:00:00,Česká strana sociálně demokratická,0,3
2020/12/01 00:00:00,Starostové a nezávislí,1,8
2020/12/01 00:00:00,TOP 09,6,11
2020/12/01 00:00:00,Česká pirátská strana,1,2
2020/12/01 00:00:00,Svoboda a přímá demokracie,0,10
2020/12/01 00:00:00,Trikolora Svobodní Soukromníci,0,12
2020/12/01 00:00:00,Komunistická strana Čech a Moravy,0,5
2020/12/01 00:00:00,Strana zelených,3,9
2020/12/01 00:00:00,Robert Šlachta,3,7
2020/12/01 00:00:00,KDU-ČSL,6,4
2020/12/01 00:00:00,Občanská demokratická strana,0,6
2020/11/01 00:00:00,ANO 2011,1,1
2020/11/01 00:00:00,Česká strana sociálně demokratická,0,3
2020/11/01 00:00:00,Starostové a nezávislí,0,8
2020/11/01 00:00:00,TOP 09,8,11
2020/11/01 00:00:00,Česká pirátská strana,1,2
2020/11/01 00:00:00,Svoboda a přímá demokracie,0,10
2020/11/01 00:00:00,Trikolora Svobodní Soukromníci,0,12
2020/11/01 00:00:00,Komunistická strana Čech a Moravy,0,5
2020/11/01 00:00:00,Strana zelených,1,9
2020/11/01 00:00:00,Robert Šlachta,1,7
2020/11/01 00:00:00,KDU-ČSL,10,4
2020/11/01 00:00:00,Občanská demokratická strana,5,6
2020/10/01 00:00:00,ANO 2011,2,1
2020/10/01 00:00:00,Česká strana sociálně demokratická,0,3
2020/10/01 00:00:00,Starostové a nezávislí,6,8
2020/10/01 00:00:00,TOP 09,22,11
2020/10/01 00:00:00,Česká pirátská strana,3,2
2020/10/01 00:00:00,Svoboda a přímá demokracie,3,10
2020/10/01 00:00:00,Trikolora Svobodní Soukromníci,0,12
2020/10/01 00:00:00,Komunistická strana Čech a Moravy,1,5
2020/10/01 00:00:00,Strana zelených,12,9
2020/10/01 00:00:00,Robert Šlachta,7,7
2020/10/01 00:00:00,KDU-ČSL,27,4
2020/10/01 00:00:00,Občanská demokratická strana,5,6
2020/09/01 00:00:00,ANO 2011,1,1
2020/09/01 00:00:00,Česká strana sociálně demokratická,0,3
2020/09/01 00:00:00,Starostové a nezávislí,4,8
2020/09/01 00:00:00,TOP 09,15,11
2020/09/01 00:00:00,Česká pirátská strana,1,2
2020/09/01 00:00:00,Svoboda a přímá demokracie,2,10
2020/09/01 00:00:00,Trikolora Svobodní Soukromníci,0,12
2020/09/01 00:00:00,Komunistická strana Čech a Moravy,2,5
2020/09/01 00:00:00,Strana zelených,6,9
2020/09/01 00:00:00,Robert Šlachta,6,7
2020/09/01 00:00:00,KDU-ČSL,22,4
2020/09/01 00:00:00,Občanská demokratická strana,6,6
2020/08/01 00:00:00,ANO 2011,1,1
2020/08/01 00:00:00,Česká strana sociálně demokratická,0,3
2020/08/01 00:00:00,Starostové a nezávislí,0,8
2020/08/01 00:00:00,TOP 09,5,11
2020/08/01 00:00:00,Česká pirátská strana,0,2
2020/08/01 00:00:00,Svoboda a přímá demokracie,0,10
2020/08/01 00:00:00,Trikolora Svobodní Soukromníci,0,12
2020/08/01 00:00:00,Komunistická strana Čech a Moravy,2,5
2020/08/01 00:00:00,Strana zelených,6,9
2020/08/01 00:00:00,Robert Šlachta,11,7
2020/08/01 00:00:00,KDU-ČSL,11,4
2020/08/01 00:00:00,Občanská demokratická strana,0,6
2020/07/01 00:00:00,ANO 2011,1,1
2020/07/01 00:00:00,Česká strana sociálně demokratická,0,3
2020/07/01 00:00:00,Starostové a nezávislí,1,8
2020/07/01 00:00:00,TOP 09,7,11
2020/07/01 00:00:00,Česká pirátská strana,0,2
2020/07/01 00:00:00,Svoboda a přímá demokracie,0,10
2020/07/01 00:00:00,Trikolora Svobodní Soukromníci,0,12
2020/07/01 00:00:00,Komunistická strana Čech a Moravy,0,5
2020/07/01 00:00:00,Strana zelených,3,9
2020/07/01 00:00:00,Robert Šlachta,20,7
2020/07/01 00:00:00,KDU-ČSL,6,4
2020/07/01 00:00:00,Občanská demokratická strana,0,6
2020/06/01 00:00:00,ANO 2011,1,1
2020/06/01 00:00:00,Česká strana sociálně demokratická,0,3
2020/06/01 00:00:00,Starostové a nezávislí,2,8
2020/06/01 00:00:00,TOP 09,3,11
2020/06/01 00:00:00,Česká pirátská strana,0,2
2020/06/01 00:00:00,Svoboda a přímá demokracie,0,10
2020/06/01 00:00:00,Trikolora Svobodní Soukromníci,0,12
2020/06/01 00:00:00,Komunistická strana Čech a Moravy,0,5
2020/06/01 00:00:00,Strana zelených,4,9
2020/06/01 00:00:00,Robert Šlachta,19,7
2020/06/01 00:00:00,KDU-ČSL,0,4
2020/06/01 00:00:00,Občanská demokratická strana,0,6
2020/05/01 00:00:00,ANO 2011,1,1
2020/05/01 00:00:00,Česká strana sociálně demokratická,0,3
2020/05/01 00:00:00,Starostové a nezávislí,0,8
2020/05/01 00:00:00,TOP 09,6,11
2020/05/01 00:00:00,Česká pirátská strana,0,2
2020/05/01 00:00:00,Svoboda a přímá demokracie,0,10
2020/05/01 00:00:00,Trikolora Svobodní Soukromníci,0,12
2020/05/01 00:00:00,Komunistická strana Čech a Moravy,1,5
2020/05/01 00:00:00,Strana zelených,1,9
2020/05/01 00:00:00,Robert Šlachta,33,7
2020/05/01 00:00:00,KDU-ČSL,0,4
2020/05/01 00:00:00,Občanská demokratická strana,0,6
2020/04/01 00:00:00,ANO 2011,1,1
2020/04/01 00:00:00,Česká strana sociálně demokratická,0,3
2020/04/01 00:00:00,Starostové a nezávislí,0,8
2020/04/01 00:00:00,TOP 09,6,11
2020/04/01 00:00:00,Česká pirátská strana,0,2
2020/04/01 00:00:00,Svoboda a přímá demokracie,0,10
2020/04/01 00:00:00,Trikolora Svobodní Soukromníci,0,12
2020/04/01 00:00:00,Komunistická strana Čech a Moravy,0,5
2020/04/01 00:00:00,Strana zelených,3,9
2020/04/01 00:00:00,Robert Šlachta,4,7
2020/04/01 00:00:00,KDU-ČSL,10,4
2020/04/01 00:00:00,Občanská demokratická strana,5,6
2020/03/01 00:00:00,ANO 2011,1,1
2020/03/01 00:00:00,Česká strana sociálně demokratická,0,3
2020/03/01 00:00:00,Starostové a nezávislí,0,8
2020/03/01 00:00:00,TOP 09,3,11
2020/03/01 00:00:00,Česká pirátská strana,0,2
2020/03/01 00:00:00,Svoboda a přímá demokracie,0,10
2020/03/01 00:00:00,Trikolora Svobodní Soukromníci,0,12
2020/03/01 00:00:00,Komunistická strana Čech a Moravy,0,5
2020/03/01 00:00:00,Strana zelených,4,9
2020/03/01 00:00:00,Robert Šlachta,1,7
2020/03/01 00:00:00,KDU-ČSL,5,4
2020/03/01 00:00:00,Občanská demokratická strana,0,6
2020/02/01 00:00:00,ANO 2011,0,1
2020/02/01 00:00:00,Česká strana sociálně demokratická,0,3
2020/02/01 00:00:00,Starostové a nezávislí,1,8
2020/02/01 00:00:00,TOP 09,4,11
2020/02/01 00:00:00,Česká pirátská strana,0,2
2020/02/01 00:00:00,Svoboda a přímá demokracie,0,10
2020/02/01 00:00:00,Trikolora Svobodní Soukromníci,0,12
2020/02/01 00:00:00,Komunistická strana Čech a Moravy,0,5
2020/02/01 00:00:00,Strana zelených,2,9
2020/02/01 00:00:00,Robert Šlachta,19,7
2020/02/01 00:00:00,KDU-ČSL,28,4
2020/02/01 00:00:00,Občanská demokratická strana,0,6
2020/01/01 00:00:00,ANO 2011,2,1
2020/01/01 00:00:00,Česká strana sociálně demokratická,0,3
2020/01/01 00:00:00,Starostové a nezávislí,0,8
2020/01/01 00:00:00,TOP 09,4,11
2020/01/01 00:00:00,Česká pirátská strana,0,2
2020/01/01 00:00:00,Svoboda a přímá demokracie,1,10
2020/01/01 00:00:00,Trikolora Svobodní Soukromníci,0,12
2020/01/01 00:00:00,Komunistická strana Čech a Moravy,0,5
2020/01/01 00:00:00,Strana zelených,4,9
2020/01/01 00:00:00,Robert Šlachta,6,7
2020/01/01 00:00:00,KDU-ČSL,0,4
2020/01/01 00:00:00,Občanská demokratická strana,5,6
2019/12/01 00:00:00,ANO 2011,0,1
2019/12/01 00:00:00,Česká strana sociálně demokratická,0,3
2019/12/01 00:00:00,Starostové a nezávislí,0,8
2019/12/01 00:00:00,TOP 09,6,11
2019/12/01 00:00:00,Česká pirátská strana,1,2
2019/12/01 00:00:00,Svoboda a přímá demokracie,0,10
2019/12/01 00:00:00,Trikolora Svobodní Soukromníci,0,12
2019/12/01 00:00:00,Komunistická strana Čech a Moravy,0,5
2019/12/01 00:00:00,Strana zelených,2,9
2019/12/01 00:00:00,Robert Šlachta,7,7
2019/12/01 00:00:00,KDU-ČSL,6,4
2019/12/01 00:00:00,Občanská demokratická strana,0,6
2019/11/01 00:00:00,ANO 2011,0,1
2019/11/01 00:00:00,Česká strana sociálně demokratická,0,3
2019/11/01 00:00:00,Starostové a nezávislí,0,8
2019/11/01 00:00:00,TOP 09,11,11
2019/11/01 00:00:00,Česká pirátská strana,0,2
2019/11/01 00:00:00,Svoboda a přímá demokracie,0,10
2019/11/01 00:00:00,Trikolora Svobodní Soukromníci,0,12
2019/11/01 00:00:00,Komunistická strana Čech a Moravy,0,5
2019/11/01 00:00:00,Strana zelených,2,9
2019/11/01 00:00:00,Robert Šlachta,7,7
2019/11/01 00:00:00,KDU-ČSL,12,4
2019/11/01 00:00:00,Občanská demokratická strana,0,6
2019/10/01 00:00:00,ANO 2011,1,1
2019/10/01 00:00:00,Česká strana sociálně demokratická,0,3
2019/10/01 00:00:00,Starostové a nezávislí,0,8
2019/10/01 00:00:00,TOP 09,6,11
2019/10/01 00:00:00,Česká pirátská strana,2,2
2019/10/01 00:00:00,Svoboda a přímá demokracie,0,10
2019/10/01 00:00:00,Trikolora Svobodní Soukromníci,0,12
2019/10/01 00:00:00,Komunistická strana Čech a Moravy,0,5
2019/10/01 00:00:00,Strana zelených,0,9
2019/10/01 00:00:00,Robert Šlachta,0,7
2019/10/01 00:00:00,KDU-ČSL,18,4
2019/10/01 00:00:00,Občanská demokratická strana,0,6
2019/09/01 00:00:00,ANO 2011,0,1
2019/09/01 00:00:00,Česká strana sociálně demokratická,0,3
2019/09/01 00:00:00,Starostové a nezávislí,1,8
2019/09/01 00:00:00,TOP 09,4,11
2019/09/01 00:00:00,Česká pirátská strana,0,2
2019/09/01 00:00:00,Svoboda a přímá demokracie,0,10
2019/09/01 00:00:00,Trikolora Svobodní Soukromníci,0,12
2019/09/01 00:00:00,Komunistická strana Čech a Moravy,2,5
2019/09/01 00:00:00,Strana zelených,0,9
2019/09/01 00:00:00,Robert Šlachta,5,7
2019/09/01 00:00:00,KDU-ČSL,7,4
2019/09/01 00:00:00,Občanská demokratická strana,0,6
2019/08/01 00:00:00,ANO 2011,0,1
2019/08/01 00:00:00,Česká strana sociálně demokratická,0,3
2019/08/01 00:00:00,Starostové a nezávislí,0,8
2019/08/01 00:00:00,TOP 09,1,11
2019/08/01 00:00:00,Česká pirátská strana,0,2
2019/08/01 00:00:00,Svoboda a přímá demokracie,0,10
2019/08/01 00:00:00,Trikolora Svobodní Soukromníci,0,12
2019/08/01 00:00:00,Komunistická strana Čech a Moravy,0,5
2019/08/01 00:00:00,Strana zelených,0,9
2019/08/01 00:00:00,Robert Šlachta,2,7
2019/08/01 00:00:00,KDU-ČSL,7,4
2019/08/01 00:00:00,Občanská demokratická strana,0,6
2019/07/01 00:00:00,ANO 2011,0,1
2019/07/01 00:00:00,Česká strana sociálně demokratická,0,3
2019/07/01 00:00:00,Starostové a nezávislí,1,8
2019/07/01 00:00:00,TOP 09,3,11
2019/07/01 00:00:00,Česká pirátská strana,0,2
2019/07/01 00:00:00,Svoboda a přímá demokracie,0,10
2019/07/01 00:00:00,Trikolora Svobodní Soukromníci,0,12
2019/07/01 00:00:00,Komunistická strana Čech a Moravy,2,5
2019/07/01 00:00:00,Strana zelených,2,9
2019/07/01 00:00:00,Robert Šlachta,0,7
2019/07/01 00:00:00,KDU-ČSL,0,4
2019/07/01 00:00:00,Občanská demokratická strana,0,6
2019/06/01 00:00:00,ANO 2011,1,1
2019/06/01 00:00:00,Česká strana sociálně demokratická,0,3
2019/06/01 00:00:00,Starostové a nezávislí,1,8
2019/06/01 00:00:00,TOP 09,4,11
2019/06/01 00:00:00,Česká pirátská strana,0,2
2019/06/01 00:00:00,Svoboda a přímá demokracie,0,10
2019/06/01 00:00:00,Trikolora Svobodní Soukromníci,0,12
2019/06/01 00:00:00,Komunistická strana Čech a Moravy,0,5
2019/06/01 00:00:00,Strana zelených,0,9
2019/06/01 00:00:00,Robert Šlachta,0,7
2019/06/01 00:00:00,KDU-ČSL,14,4
2019/06/01 00:00:00,Občanská demokratická strana,0,6
2019/05/01 00:00:00,ANO 2011,3,1
2019/05/01 00:00:00,Česká strana sociálně demokratická,1,3
2019/05/01 00:00:00,Starostové a nezávislí,3,8
2019/05/01 00:00:00,TOP 09,12,11
2019/05/01 00:00:00,Česká pirátská strana,4,2
2019/05/01 00:00:00,Svoboda a přímá demokracie,2,10
2019/05/01 00:00:00,Trikolora Svobodní Soukromníci,0,12
2019/05/01 00:00:00,Komunistická strana Čech a Moravy,0,5
2019/05/01 00:00:00,Strana zelených,12,9
2019/05/01 00:00:00,Robert Šlachta,0,7
2019/05/01 00:00:00,KDU-ČSL,25,4
2019/05/01 00:00:00,Občanská demokratická strana,0,6
2019/04/01 00:00:00,ANO 2011,1,1
2019/04/01 00:00:00,Česká strana sociálně demokratická,0,3
2019/04/01 00:00:00,Starostové a nezávislí,1,8
2019/04/01 00:00:00,TOP 09,5,11
2019/04/01 00:00:00,Česká pirátská strana,1,2
2019/04/01 00:00:00,Svoboda a přímá demokracie,13,10
2019/04/01 00:00:00,Trikolora Svobodní Soukromníci,0,12
2019/04/01 00:00:00,Komunistická strana Čech a Moravy,0,5
2019/04/01 00:00:00,Strana zelených,4,9
2019/04/01 00:00:00,Robert Šlachta,0,7
2019/04/01 00:00:00,KDU-ČSL,21,4
2019/04/01 00:00:00,Občanská demokratická strana,0,6
2019/03/01 00:00:00,ANO 2011,0,1
2019/03/01 00:00:00,Česká strana sociálně demokratická,0,3
2019/03/01 00:00:00,Starostové a nezávislí,0,8
2019/03/01 00:00:00,TOP 09,4,11
2019/03/01 00:00:00,Česká pirátská strana,1,2
2019/03/01 00:00:00,Svoboda a přímá demokracie,4,10
2019/03/01 00:00:00,Trikolora Svobodní Soukromníci,0,12
2019/03/01 00:00:00,Komunistická strana Čech a Moravy,0,5
2019/03/01 00:00:00,Strana zelených,0,9
2019/03/01 00:00:00,Robert Šlachta,2,7
2019/03/01 00:00:00,KDU-ČSL,20,4
2019/03/01 00:00:00,Občanská demokratická strana,0,6
2019/02/01 00:00:00,ANO 2011,2,1
2019/02/01 00:00:00,Česká strana sociálně demokratická,2,3
2019/02/01 00:00:00,Starostové a nezávislí,0,8
2019/02/01 00:00:00,TOP 09,4,11
2019/02/01 00:00:00,Česká pirátská strana,1,2
2019/02/01 00:00:00,Svoboda a přímá demokracie,2,10
2019/02/01 00:00:00,Trikolora Svobodní Soukromníci,0,12
2019/02/01 00:00:00,Komunistická strana Čech a Moravy,0,5
2019/02/01 00:00:00,Strana zelených,0,9
2019/02/01 00:00:00,Robert Šlachta,0,7
2019/02/01 00:00:00,KDU-ČSL,7,4
2019/02/01 00:00:00,Občanská demokratická strana,0,6
2019/01/01 00:00:00,ANO 2011,0,1
2019/01/01 00:00:00,Česká strana sociálně demokratická,0,3
2019/01/01 00:00:00,Starostové a nezávislí,0,8
2019/01/01 00:00:00,TOP 09,4,11
2019/01/01 00:00:00,Česká pirátská strana,1,2
2019/01/01 00:00:00,Svoboda a přímá demokracie,0,10
2019/01/01 00:00:00,Trikolora Svobodní Soukromníci,0,12
2019/01/01 00:00:00,Komunistická strana Čech a Moravy,0,5
2019/01/01 00:00:00,Strana zelených,0,9
2019/01/01 00:00:00,Robert Šlachta,2,7
2019/01/01 00:00:00,KDU-ČSL,13,4
2019/01/01 00:00:00,Občanská demokratická strana,6,6
2018/12/01 00:00:00,ANO 2011,2,1
2018/12/01 00:00:00,Česká strana sociálně demokratická,2,3
2018/12/01 00:00:00,Starostové a nezávislí,0,8
2018/12/01 00:00:00,TOP 09,6,11
2018/12/01 00:00:00,Česká pirátská strana,1,2
2018/12/01 00:00:00,Svoboda a přímá demokracie,4,10
2018/12/01 00:00:00,Trikolora Svobodní Soukromníci,0,12
2018/12/01 00:00:00,Komunistická strana Čech a Moravy,0,5
2018/12/01 00:00:00,Strana zelených,4,9
2018/12/01 00:00:00,Robert Šlachta,2,7
2018/12/01 00:00:00,KDU-ČSL,14,4
2018/12/01 00:00:00,Občanská demokratická strana,0,6
2018/11/01 00:00:00,ANO 2011,1,1
2018/11/01 00:00:00,Česká strana sociálně demokratická,1,3
2018/11/01 00:00:00,Starostové a nezávislí,1,8
2018/11/01 00:00:00,TOP 09,4,11
2018/11/01 00:00:00,Česká pirátská strana,1,2
2018/11/01 00:00:00,Svoboda a přímá demokracie,4,10
2018/11/01 00:00:00,Trikolora Svobodní Soukromníci,0,12
2018/11/01 00:00:00,Komunistická strana Čech a Moravy,0,5
2018/11/01 00:00:00,Strana zelených,2,9
2018/11/01 00:00:00,Robert Šlachta,0,7
2018/11/01 00:00:00,KDU-ČSL,7,4
2018/11/01 00:00:00,Občanská demokratická strana,7,6
2018/10/01 00:00:00,ANO 2011,8,1
2018/10/01 00:00:00,Česká strana sociálně demokratická,1,3
2018/10/01 00:00:00,Starostové a nezávislí,3,8
2018/10/01 00:00:00,TOP 09,14,11
2018/10/01 00:00:00,Česká pirátská strana,3,2
2018/10/01 00:00:00,Svoboda a přímá demokracie,4,10
2018/10/01 00:00:00,Trikolora Svobodní Soukromníci,0,12
2018/10/01 00:00:00,Komunistická strana Čech a Moravy,0,5
2018/10/01 00:00:00,Strana zelených,11,9
2018/10/01 00:00:00,Robert Šlachta,0,7
2018/10/01 00:00:00,KDU-ČSL,27,4
2018/10/01 00:00:00,Občanská demokratická strana,0,6
2018/09/01 00:00:00,ANO 2011,4,1
2018/09/01 00:00:00,Česká strana sociálně demokratická,1,3
2018/09/01 00:00:00,Starostové a nezávislí,3,8
2018/09/01 00:00:00,TOP 09,17,11
2018/09/01 00:00:00,Česká pirátská strana,1,2
2018/09/01 00:00:00,Svoboda a přímá demokracie,2,10
2018/09/01 00:00:00,Trikolora Svobodní Soukromníci,0,12
2018/09/01 00:00:00,Komunistická strana Čech a Moravy,0,5
2018/09/01 00:00:00,Strana zelených,8,9
2018/09/01 00:00:00,Robert Šlachta,0,7
2018/09/01 00:00:00,KDU-ČSL,22,4
2018/09/01 00:00:00,Občanská demokratická strana,15,6
2018/08/01 00:00:00,ANO 2011,2,1
2018/08/01 00:00:00,Česká strana sociálně demokratická,0,3
2018/08/01 00:00:00,Starostové a nezávislí,2,8
2018/08/01 00:00:00,TOP 09,8,11
2018/08/01 00:00:00,Česká pirátská strana,1,2
2018/08/01 00:00:00,Svoboda a přímá demokracie,2,10
2018/08/01 00:00:00,Trikolora Svobodní Soukromníci,0,12
2018/08/01 00:00:00,Komunistická strana Čech a Moravy,2,5
2018/08/01 00:00:00,Strana zelených,10,9
2018/08/01 00:00:00,Robert Šlachta,0,7
2018/08/01 00:00:00,KDU-ČSL,14,4
2018/08/01 00:00:00,Občanská demokratická strana,0,6
2018/07/01 00:00:00,ANO 2011,1,1
2018/07/01 00:00:00,Česká strana sociálně demokratická,1,3
2018/07/01 00:00:00,Starostové a nezávislí,3,8
2018/07/01 00:00:00,TOP 09,5,11
2018/07/01 00:00:00,Česká pirátská strana,2,2
2018/07/01 00:00:00,Svoboda a přímá demokracie,4,10
2018/07/01 00:00:00,Trikolora Svobodní Soukromníci,0,12
2018/07/01 00:00:00,Komunistická strana Čech a Moravy,0,5
2018/07/01 00:00:00,Strana zelených,4,9
2018/07/01 00:00:00,Robert Šlachta,2,7
2018/07/01 00:00:00,KDU-ČSL,0,4
2018/07/01 00:00:00,Občanská demokratická strana,7,6
2018/06/01 00:00:00,ANO 2011,2,1
2018/06/01 00:00:00,Česká strana sociálně demokratická,1,3
2018/06/01 00:00:00,Starostové a nezávislí,0,8
2018/06/01 00:00:00,TOP 09,5,11
2018/06/01 00:00:00,Česká pirátská strana,2,2
2018/06/01 00:00:00,Svoboda a přímá demokracie,6,10
2018/06/01 00:00:00,Trikolora Svobodní Soukromníci,0,12
2018/06/01 00:00:00,Komunistická strana Čech a Moravy,0,5
2018/06/01 00:00:00,Strana zelených,2,9
2018/06/01 00:00:00,Robert Šlachta,0,7
2018/06/01 00:00:00,KDU-ČSL,0,4
2018/06/01 00:00:00,Občanská demokratická strana,0,6
2018/05/01 00:00:00,ANO 2011,0,1
2018/05/01 00:00:00,Česká strana sociálně demokratická,0,3
2018/05/01 00:00:00,Starostové a nezávislí,0,8
2018/05/01 00:00:00,TOP 09,3,11
2018/05/01 00:00:00,Česká pirátská strana,1,2
2018/05/01 00:00:00,Svoboda a přímá demokracie,2,10
2018/05/01 00:00:00,Trikolora Svobodní Soukromníci,0,12
2018/05/01 00:00:00,Komunistická strana Čech a Moravy,0,5
2018/05/01 00:00:00,Strana zelených,0,9
2018/05/01 00:00:00,Robert Šlachta,6,7
2018/05/01 00:00:00,KDU-ČSL,7,4
2018/05/01 00:00:00,Občanská demokratická strana,0,6
2018/04/01 00:00:00,ANO 2011,2,1
2018/04/01 00:00:00,Česká strana sociálně demokratická,1,3
2018/04/01 00:00:00,Starostové a nezávislí,1,8
2018/04/01 00:00:00,TOP 09,3,11
2018/04/01 00:00:00,Česká pirátská strana,1,2
2018/04/01 00:00:00,Svoboda a přímá demokracie,8,10
2018/04/01 00:00:00,Trikolora Svobodní Soukromníci,0,12
2018/04/01 00:00:00,Komunistická strana Čech a Moravy,0,5
2018/04/01 00:00:00,Strana zelených,2,9
2018/04/01 00:00:00,Robert Šlachta,6,7
2018/04/01 00:00:00,KDU-ČSL,7,4
2018/04/01 00:00:00,Občanská demokratická strana,0,6
2018/03/01 00:00:00,ANO 2011,0,1
2018/03/01 00:00:00,Česká strana sociálně demokratická,0,3
2018/03/01 00:00:00,Starostové a nezávislí,0,8
2018/03/01 00:00:00,TOP 09,10,11
2018/03/01 00:00:00,Česká pirátská strana,1,2
2018/03/01 00:00:00,Svoboda a přímá demokracie,0,10
2018/03/01 00:00:00,Trikolora Svobodní Soukromníci,0,12
2018/03/01 00:00:00,Komunistická strana Čech a Moravy,0,5
2018/03/01 00:00:00,Strana zelených,0,9
2018/03/01 00:00:00,Robert Šlachta,0,7
2018/03/01 00:00:00,KDU-ČSL,7,4
2018/03/01 00:00:00,Občanská demokratická strana,7,6
2018/02/01 00:00:00,ANO 2011,2,1
2018/02/01 00:00:00,Česká strana sociálně demokratická,2,3
2018/02/01 00:00:00,Starostové a nezávislí,1,8
2018/02/01 00:00:00,TOP 09,6,11
2018/02/01 00:00:00,Česká pirátská strana,1,2
2018/02/01 00:00:00,Svoboda a přímá demokracie,2,10
2018/02/01 00:00:00,Trikolora Svobodní Soukromníci,0,12
2018/02/01 00:00:00,Komunistická strana Čech a Moravy,0,5
2018/02/01 00:00:00,Strana zelených,2,9
2018/02/01 00:00:00,Robert Šlachta,0,7
2018/02/01 00:00:00,KDU-ČSL,7,4
2018/02/01 00:00:00,Občanská demokratická strana,0,6
2018/01/01 00:00:00,ANO 2011,0,1
2018/01/01 00:00:00,Česká strana sociálně demokratická,0,3
2018/01/01 00:00:00,Starostové a nezávislí,0,8
2018/01/01 00:00:00,TOP 09,8,11
2018/01/01 00:00:00,Česká pirátská strana,0,2
2018/01/01 00:00:00,Svoboda a přímá demokracie,0,10
2018/01/01 00:00:00,Trikolora Svobodní Soukromníci,0,12
2018/01/01 00:00:00,Komunistická strana Čech a Moravy,0,5
2018/01/01 00:00:00,Strana zelených,7,9
2018/01/01 00:00:00,Robert Šlachta,2,7
2018/01/01 00:00:00,KDU-ČSL,13,4
2018/01/01 00:00:00,Občanská demokratická strana,0,6
2017/12/01 00:00:00,ANO 2011,0,1
2017/12/01 00:00:00,Česká strana sociálně demokratická,1,3
2017/12/01 00:00:00,Starostové a nezávislí,0,8
2017/12/01 00:00:00,TOP 09,7,11
2017/12/01 00:00:00,Česká pirátská strana,2,2
2017/12/01 00:00:00,Svoboda a přímá demokracie,8,10
2017/12/01 00:00:00,Trikolora Svobodní Soukromníci,0,12
2017/12/01 00:00:00,Komunistická strana Čech a Moravy,0,5
2017/12/01 00:00:00,Strana zelených,0,9
2017/12/01 00:00:00,Robert Šlachta,2,7
2017/12/01 00:00:00,KDU-ČSL,0,4
2017/12/01 00:00:00,Občanská demokratická strana,0,6
2017/11/01 00:00:00,ANO 2011,2,1
2017/11/01 00:00:00,Česká strana sociálně demokratická,1,3
2017/11/01 00:00:00,Starostové a nezávislí,0,8
2017/11/01 00:00:00,TOP 09,12,11
2017/11/01 00:00:00,Česká pirátská strana,3,2
2017/11/01 00:00:00,Svoboda a přímá demokracie,4,10
2017/11/01 00:00:00,Trikolora Svobodní Soukromníci,0,12
2017/11/01 00:00:00,Komunistická strana Čech a Moravy,0,5
2017/11/01 00:00:00,Strana zelených,10,9
2017/11/01 00:00:00,Robert Šlachta,2,7
2017/11/01 00:00:00,KDU-ČSL,0,4
2017/11/01 00:00:00,Občanská demokratická strana,7,6
2017/10/01 00:00:00,ANO 2011,10,1
2017/10/01 00:00:00,Česká strana sociálně demokratická,2,3
2017/10/01 00:00:00,Starostové a nezávislí,42,8
2017/10/01 00:00:00,TOP 09,100,11
2017/10/01 00:00:00,Česká pirátská strana,21,2
2017/10/01 00:00:00,Svoboda a přímá demokracie,6,10
2017/10/01 00:00:00,Trikolora Svobodní Soukromníci,0,12
2017/10/01 00:00:00,Komunistická strana Čech a Moravy,4,5
2017/10/01 00:00:00,Strana zelených,100,9
2017/10/01 00:00:00,Robert Šlachta,0,7
2017/10/01 00:00:00,KDU-ČSL,100,4
2017/10/01 00:00:00,Občanská demokratická strana,21,6
2017/09/01 00:00:00,ANO 2011,1,1
2017/09/01 00:00:00,Česká strana sociálně demokratická,1,3
2017/09/01 00:00:00,Starostové a nezávislí,4,8
2017/09/01 00:00:00,TOP 09,22,11
2017/09/01 00:00:00,Česká pirátská strana,2,2
2017/09/01 00:00:00,Svoboda a přímá demokracie,0,10
2017/09/01 00:00:00,Trikolora Svobodní Soukromníci,0,12
2017/09/01 00:00:00,Komunistická strana Čech a Moravy,2,5
2017/09/01 00:00:00,Strana zelených,15,9
2017/09/01 00:00:00,Robert Šlachta,0,7
2017/09/01 00:00:00,KDU-ČSL,8,4
2017/09/01 00:00:00,Občanská demokratická strana,0,6
2017/08/01 00:00:00,ANO 2011,0,1
2017/08/01 00:00:00,Česká strana sociálně demokratická,1,3
2017/08/01 00:00:00,Starostové a nezávislí,4,8
2017/08/01 00:00:00,TOP 09,4,11
2017/08/01 00:00:00,Česká pirátská strana,1,2
2017/08/01 00:00:00,Svoboda a přímá demokracie,0,10
2017/08/01 00:00:00,Trikolora Svobodní Soukromníci,0,12
2017/08/01 00:00:00,Komunistická strana Čech a Moravy,0,5
2017/08/01 00:00:00,Strana zelených,7,9
2017/08/01 00:00:00,Robert Šlachta,2,7
2017/08/01 00:00:00,KDU-ČSL,33,4
2017/08/01 00:00:00,Občanská demokratická strana,0,6
2017/07/01 00:00:00,ANO 2011,1,1
2017/07/01 00:00:00,Česká strana sociálně demokratická,1,3
2017/07/01 00:00:00,Starostové a nezávislí,1,8
2017/07/01 00:00:00,TOP 09,5,11
2017/07/01 00:00:00,Česká pirátská strana,0,2
2017/07/01 00:00:00,Svoboda a přímá demokracie,0,10
2017/07/01 00:00:00,Trikolora Svobodní Soukromníci,0,12
2017/07/01 00:00:00,Komunistická strana Čech a Moravy,0,5
2017/07/01 00:00:00,Strana zelených,10,9
2017/07/01 00:00:00,Robert Šlachta,2,7
2017/07/01 00:00:00,KDU-ČSL,0,4
2017/07/01 00:00:00,Občanská demokratická strana,0,6
2017/06/01 00:00:00,ANO 2011,1,1
2017/06/01 00:00:00,Česká strana sociálně demokratická,0,3
2017/06/01 00:00:00,Starostové a nezávislí,1,8
2017/06/01 00:00:00,TOP 09,4,11
2017/06/01 00:00:00,Česká pirátská strana,1,2
2017/06/01 00:00:00,Svoboda a přímá demokracie,0,10
2017/06/01 00:00:00,Trikolora Svobodní Soukromníci,0,12
2017/06/01 00:00:00,Komunistická strana Čech a Moravy,0,5
2017/06/01 00:00:00,Strana zelených,5,9
2017/06/01 00:00:00,Robert Šlachta,2,7
2017/06/01 00:00:00,KDU-ČSL,26,4
2017/06/01 00:00:00,Občanská demokratická strana,0,6
2017/05/01 00:00:00,ANO 2011,2,1
2017/05/01 00:00:00,Česká strana sociálně demokratická,0,3
2017/05/01 00:00:00,Starostové a nezávislí,1,8
2017/05/01 00:00:00,TOP 09,10,11
2017/05/01 00:00:00,Česká pirátská strana,0,2
2017/05/01 00:00:00,Svoboda a přímá demokracie,0,10
2017/05/01 00:00:00,Trikolora Svobodní Soukromníci,0,12
2017/05/01 00:00:00,Komunistická strana Čech a Moravy,0,5
2017/05/01 00:00:00,Strana zelených,13,9
2017/05/01 00:00:00,Robert Šlachta,2,7
2017/05/01 00:00:00,KDU-ČSL,40,4
2017/05/01 00:00:00,Občanská demokratická strana,0,6
2017/04/01 00:00:00,ANO 2011,1,1
2017/04/01 00:00:00,Česká strana sociálně demokratická,0,3
2017/04/01 00:00:00,Starostové a nezávislí,0,8
2017/04/01 00:00:00,TOP 09,8,11
2017/04/01 00:00:00,Česká pirátská strana,1,2
2017/04/01 00:00:00,Svoboda a přímá demokracie,0,10
2017/04/01 00:00:00,Trikolora Svobodní Soukromníci,0,12
2017/04/01 00:00:00,Komunistická strana Čech a Moravy,0,5
2017/04/01 00:00:00,Strana zelených,6,9
2017/04/01 00:00:00,Robert Šlachta,0,7
2017/04/01 00:00:00,KDU-ČSL,8,4
2017/04/01 00:00:00,Občanská demokratická strana,15,6
2017/03/01 00:00:00,ANO 2011,3,1
2017/03/01 00:00:00,Česká strana sociálně demokratická,0,3
2017/03/01 00:00:00,Starostové a nezávislí,1,8
2017/03/01 00:00:00,TOP 09,10,11
2017/03/01 00:00:00,Česká pirátská strana,1,2
2017/03/01 00:00:00,Svoboda a přímá demokracie,2,10
2017/03/01 00:00:00,Trikolora Svobodní Soukromníci,0,12
2017/03/01 00:00:00,Komunistická strana Čech a Moravy,0,5
2017/03/01 00:00:00,Strana zelených,8,9
2017/03/01 00:00:00,Robert Šlachta,2,7
2017/03/01 00:00:00,KDU-ČSL,0,4
2017/03/01 00:00:00,Občanská demokratická strana,15,6
2017/02/01 00:00:00,ANO 2011,1,1
2017/02/01 00:00:00,Česká strana sociálně demokratická,0,3
2017/02/01 00:00:00,Starostové a nezávislí,1,8
2017/02/01 00:00:00,TOP 09,7,11
2017/02/01 00:00:00,Česká pirátská strana,1,2
2017/02/01 00:00:00,Svoboda a přímá demokracie,0,10
2017/02/01 00:00:00,Trikolora Svobodní Soukromníci,0,12
2017/02/01 00:00:00,Komunistická strana Čech a Moravy,0,5
2017/02/01 00:00:00,Strana zelených,14,9
2017/02/01 00:00:00,Robert Šlachta,11,7
2017/02/01 00:00:00,KDU-ČSL,33,4
2017/02/01 00:00:00,Občanská demokratická strana,0,6
2017/01/01 00:00:00,ANO 2011,1,1
2017/01/01 00:00:00,Česká strana sociálně demokratická,1,3
2017/01/01 00:00:00,Starostové a nezávislí,0,8
2017/01/01 00:00:00,TOP 09,6,11
2017/01/01 00:00:00,Česká pirátská strana,0,2
2017/01/01 00:00:00,Svoboda a přímá demokracie,0,10
2017/01/01 00:00:00,Trikolora Svobodní Soukromníci,0,12
2017/01/01 00:00:00,Komunistická strana Čech a Moravy,0,5
2017/01/01 00:00:00,Strana zelených,0,9
2017/01/01 00:00:00,Robert Šlachta,8,7
2017/01/01 00:00:00,KDU-ČSL,15,4
2017/01/01 00:00:00,Občanská demokratická strana,0,6
2016/12/01 00:00:00,ANO 2011,0,1
2016/12/01 00:00:00,Česká strana sociálně demokratická,0,3
2016/12/01 00:00:00,Starostové a nezávislí,0,8
2016/12/01 00:00:00,TOP 09,3,11
2016/12/01 00:00:00,Česká pirátská strana,0,2
2016/12/01 00:00:00,Svoboda a přímá demokracie,0,10
2016/12/01 00:00:00,Trikolora Svobodní Soukromníci,0,12
2016/12/01 00:00:00,Komunistická strana Čech a Moravy,0,5
2016/12/01 00:00:00,Strana zelených,0,9
2016/12/01 00:00:00,Robert Šlachta,2,7
2016/12/01 00:00:00,KDU-ČSL,8,4
2016/12/01 00:00:00,Občanská demokratická strana,0,6
2016/11/01 00:00:00,ANO 2011,1,1
2016/11/01 00:00:00,Česká strana sociálně demokratická,0,3
2016/11/01 00:00:00,Starostové a nezávislí,1,8
2016/11/01 00:00:00,TOP 09,3,11
2016/11/01 00:00:00,Česká pirátská strana,0,2
2016/11/01 00:00:00,Svoboda a přímá demokracie,5,10
2016/11/01 00:00:00,Trikolora Svobodní Soukromníci,0,12
2016/11/01 00:00:00,Komunistická strana Čech a Moravy,0,5
2016/11/01 00:00:00,Strana zelených,14,9
2016/11/01 00:00:00,Robert Šlachta,0,7
2016/11/01 00:00:00,KDU-ČSL,0,4
2016/11/01 00:00:00,Občanská demokratická strana,0,6
2016/10/01 00:00:00,ANO 2011,8,1
2016/10/01 00:00:00,Česká strana sociálně demokratická,1,3
2016/10/01 00:00:00,Starostové a nezávislí,4,8
2016/10/01 00:00:00,TOP 09,23,11
2016/10/01 00:00:00,Česká pirátská strana,2,2
2016/10/01 00:00:00,Svoboda a přímá demokracie,5,10
2016/10/01 00:00:00,Trikolora Svobodní Soukromníci,0,12
2016/10/01 00:00:00,Komunistická strana Čech a Moravy,2,5
2016/10/01 00:00:00,Strana zelených,25,9
2016/10/01 00:00:00,Robert Šlachta,7,7
2016/10/01 00:00:00,KDU-ČSL,75,4
2016/10/01 00:00:00,Občanská demokratická strana,8,6
2016/09/01 00:00:00,ANO 2011,1,1
2016/09/01 00:00:00,Česká strana sociálně demokratická,0,3
2016/09/01 00:00:00,Starostové a nezávislí,2,8
2016/09/01 00:00:00,TOP 09,19,11
2016/09/01 00:00:00,Česká pirátská strana,1,2
2016/09/01 00:00:00,Svoboda a přímá demokracie,0,10
2016/09/01 00:00:00,Trikolora Svobodní Soukromníci,0,12
2016/09/01 00:00:00,Komunistická strana Čech a Moravy,0,5
2016/09/01 00:00:00,Strana zelených,3,9
2016/09/01 00:00:00,Robert Šlachta,3,7
2016/09/01 00:00:00,KDU-ČSL,37,4
2016/09/01 00:00:00,Občanská demokratická strana,9,6
2016/08/01 00:00:00,ANO 2011,1,1
2016/08/01 00:00:00,Česká strana sociálně demokratická,0,3
2016/08/01 00:00:00,Starostové a nezávislí,2,8
2016/08/01 00:00:00,TOP 09,1,11
2016/08/01 00:00:00,Česká pirátská strana,0,2
2016/08/01 00:00:00,Svoboda a přímá demokracie,3,10
2016/08/01 00:00:00,Trikolora Svobodní Soukromníci,0,12
2016/08/01 00:00:00,Komunistická strana Čech a Moravy,0,5
2016/08/01 00:00:00,Strana zelených,8,9
2016/08/01 00:00:00,Robert Šlachta,8,7
2016/08/01 00:00:00,KDU-ČSL,19,4
2016/08/01 00:00:00,Občanská demokratická strana,0,6
2016/07/01 00:00:00,ANO 2011,0,1
2016/07/01 00:00:00,Česká strana sociálně demokratická,0,3
2016/07/01 00:00:00,Starostové a nezávislí,1,8
2016/07/01 00:00:00,TOP 09,3,11
2016/07/01 00:00:00,Česká pirátská strana,0,2
2016/07/01 00:00:00,Svoboda a přímá demokracie,0,10
2016/07/01 00:00:00,Trikolora Svobodní Soukromníci,0,12
2016/07/01 00:00:00,Komunistická strana Čech a Moravy,0,5
2016/07/01 00:00:00,Strana zelených,5,9
2016/07/01 00:00:00,Robert Šlachta,13,7
2016/07/01 00:00:00,KDU-ČSL,10,4
2016/07/01 00:00:00,Občanská demokratická strana,0,6
2016/06/01 00:00:00,ANO 2011,3,1
2016/06/01 00:00:00,Česká strana sociálně demokratická,0,3
2016/06/01 00:00:00,Starostové a nezávislí,0,8
2016/06/01 00:00:00,TOP 09,4,11
2016/06/01 00:00:00,Česká pirátská strana,1,2
2016/06/01 00:00:00,Svoboda a přímá demokracie,0,10
2016/06/01 00:00:00,Trikolora Svobodní Soukromníci,0,12
2016/06/01 00:00:00,Komunistická strana Čech a Moravy,0,5
2016/06/01 00:00:00,Strana zelených,5,9
2016/06/01 00:00:00,Robert Šlachta,35,7
2016/06/01 00:00:00,KDU-ČSL,17,4
2016/06/01 00:00:00,Občanská demokratická strana,0,6
2016/05/01 00:00:00,ANO 2011,0,1
2016/05/01 00:00:00,Česká strana sociálně demokratická,0,3
2016/05/01 00:00:00,Starostové a nezávislí,0,8
2016/05/01 00:00:00,TOP 09,7,11
2016/05/01 00:00:00,Česká pirátská strana,0,2
2016/05/01 00:00:00,Svoboda a přímá demokracie,0,10
2016/05/01 00:00:00,Trikolora Svobodní Soukromníci,0,12
2016/05/01 00:00:00,Komunistická strana Čech a Moravy,0,5
2016/05/01 00:00:00,Strana zelených,8,9
2016/05/01 00:00:00,Robert Šlachta,0,7
2016/05/01 00:00:00,KDU-ČSL,8,4
2016/05/01 00:00:00,Občanská demokratická strana,0,6
2016/04/01 00:00:00,ANO 2011,1,1
2016/04/01 00:00:00,Česká strana sociálně demokratická,1,3
2016/04/01 00:00:00,Starostové a nezávislí,1,8
2016/04/01 00:00:00,TOP 09,8,11
2016/04/01 00:00:00,Česká pirátská strana,0,2
2016/04/01 00:00:00,Svoboda a přímá demokracie,0,10
2016/04/01 00:00:00,Trikolora Svobodní Soukromníci,0,12
2016/04/01 00:00:00,Komunistická strana Čech a Moravy,0,5
2016/04/01 00:00:00,Strana zelených,7,9
2016/04/01 00:00:00,Robert Šlachta,2,7
2016/04/01 00:00:00,KDU-ČSL,8,4
2016/04/01 00:00:00,Občanská demokratická strana,0,6
2016/03/01 00:00:00,ANO 2011,2,1
2016/03/01 00:00:00,Česká strana sociálně demokratická,0,3
2016/03/01 00:00:00,Starostové a nezávislí,0,8
2016/03/01 00:00:00,TOP 09,6,11
2016/03/01 00:00:00,Česká pirátská strana,0,2
2016/03/01 00:00:00,Svoboda a přímá demokracie,0,10
2016/03/01 00:00:00,Trikolora Svobodní Soukromníci,0,12
2016/03/01 00:00:00,Komunistická strana Čech a Moravy,2,5
2016/03/01 00:00:00,Strana zelených,6,9
2016/03/01 00:00:00,Robert Šlachta,4,7
2016/03/01 00:00:00,KDU-ČSL,15,4
2016/03/01 00:00:00,Občanská demokratická strana,0,6
2016/02/01 00:00:00,ANO 2011,1,1
2016/02/01 00:00:00,Česká strana sociálně demokratická,0,3
2016/02/01 00:00:00,Starostové a nezávislí,1,8
2016/02/01 00:00:00,TOP 09,8,11
2016/02/01 00:00:00,Česká pirátská strana,0,2
2016/02/01 00:00:00,Svoboda a přímá demokracie,2,10
2016/02/01 00:00:00,Trikolora Svobodní Soukromníci,0,12
2016/02/01 00:00:00,Komunistická strana Čech a Moravy,0,5
2016/02/01 00:00:00,Strana zelených,4,9
2016/02/01 00:00:00,Robert Šlachta,4,7
2016/02/01 00:00:00,KDU-ČSL,33,4
2016/02/01 00:00:00,Občanská demokratická strana,0,6
2016/01/01 00:00:00,ANO 2011,0,1
2016/01/01 00:00:00,Česká strana sociálně demokratická,0,3
2016/01/01 00:00:00,Starostové a nezávislí,1,8
2016/01/01 00:00:00,TOP 09,5,11
2016/01/01 00:00:00,Česká pirátská strana,0,2
2016/01/01 00:00:00,Svoboda a přímá demokracie,0,10
2016/01/01 00:00:00,Trikolora Svobodní Soukromníci,0,12
2016/01/01 00:00:00,Komunistická strana Čech a Moravy,0,5
2016/01/01 00:00:00,Strana zelených,28,9
2016/01/01 00:00:00,Robert Šlachta,0,7
2016/01/01 00:00:00,KDU-ČSL,8,4
2016/01/01 00:00:00,Občanská demokratická strana,0,6
2015/12/01 00:00:00,ANO 2011,1,1
2015/12/01 00:00:00,Česká strana sociálně demokratická,0,3
2015/12/01 00:00:00,Starostové a nezávislí,0,8
2015/12/01 00:00:00,TOP 09,5,11
2015/12/01 00:00:00,Česká pirátská strana,0,2
2015/12/01 00:00:00,Svoboda a přímá demokracie,0,10
2015/12/01 00:00:00,Trikolora Svobodní Soukromníci,0,12
2015/12/01 00:00:00,Komunistická strana Čech a Moravy,0,5
2015/12/01 00:00:00,Strana zelených,2,9
2015/12/01 00:00:00,Robert Šlachta,5,7
2015/12/01 00:00:00,KDU-ČSL,18,4
2015/12/01 00:00:00,Občanská demokratická strana,0,6
2015/11/01 00:00:00,ANO 2011,0,1
2015/11/01 00:00:00,Česká strana sociálně demokratická,0,3
2015/11/01 00:00:00,Starostové a nezávislí,0,8
2015/11/01 00:00:00,TOP 09,5,11
2015/11/01 00:00:00,Česká pirátská strana,1,2
2015/11/01 00:00:00,Svoboda a přímá demokracie,5,10
2015/11/01 00:00:00,Trikolora Svobodní Soukromníci,0,12
2015/11/01 00:00:00,Komunistická strana Čech a Moravy,0,5
2015/11/01 00:00:00,Strana zelených,5,9
2015/11/01 00:00:00,Robert Šlachta,0,7
2015/11/01 00:00:00,KDU-ČSL,17,4
2015/11/01 00:00:00,Občanská demokratická strana,9,6
2015/10/01 00:00:00,ANO 2011,2,1
2015/10/01 00:00:00,Česká strana sociálně demokratická,0,3
2015/10/01 00:00:00,Starostové a nezávislí,0,8
2015/10/01 00:00:00,TOP 09,6,11
2015/10/01 00:00:00,Česká pirátská strana,1,2
2015/10/01 00:00:00,Svoboda a přímá demokracie,5,10
2015/10/01 00:00:00,Trikolora Svobodní Soukromníci,0,12
2015/10/01 00:00:00,Komunistická strana Čech a Moravy,0,5
2015/10/01 00:00:00,Strana zelených,7,9
2015/10/01 00:00:00,Robert Šlachta,0,7
2015/10/01 00:00:00,KDU-ČSL,26,4
2015/10/01 00:00:00,Občanská demokratická strana,0,6
2015/09/01 00:00:00,ANO 2011,1,1
2015/09/01 00:00:00,Česká strana sociálně demokratická,0,3
2015/09/01 00:00:00,Starostové a nezávislí,1,8
2015/09/01 00:00:00,TOP 09,6,11
2015/09/01 00:00:00,Česká pirátská strana,0,2
2015/09/01 00:00:00,Svoboda a přímá demokracie,3,10
2015/09/01 00:00:00,Trikolora Svobodní Soukromníci,0,12
2015/09/01 00:00:00,Komunistická strana Čech a Moravy,0,5
2015/09/01 00:00:00,Strana zelených,8,9
2015/09/01 00:00:00,Robert Šlachta,0,7
2015/09/01 00:00:00,KDU-ČSL,9,4
2015/09/01 00:00:00,Občanská demokratická strana,0,6
2015/08/01 00:00:00,ANO 2011,3,1
2015/08/01 00:00:00,Česká strana sociálně demokratická,0,3
2015/08/01 00:00:00,Starostové a nezávislí,0,8
2015/08/01 00:00:00,TOP 09,1,11
2015/08/01 00:00:00,Česká pirátská strana,1,2
2015/08/01 00:00:00,Svoboda a přímá demokracie,0,10
2015/08/01 00:00:00,Trikolora Svobodní Soukromníci,0,12
2015/08/01 00:00:00,Komunistická strana Čech a Moravy,3,5
2015/08/01 00:00:00,Strana zelených,16,9
2015/08/01 00:00:00,Robert Šlachta,0,7
2015/08/01 00:00:00,KDU-ČSL,10,4
2015/08/01 00:00:00,Občanská demokratická strana,0,6
2015/07/01 00:00:00,ANO 2011,0,1
2015/07/01 00:00:00,Česká strana sociálně demokratická,0,3
2015/07/01 00:00:00,Starostové a nezávislí,0,8
2015/07/01 00:00:00,TOP 09,4,11
2015/07/01 00:00:00,Česká pirátská strana,0,2
2015/07/01 00:00:00,Svoboda a přímá demokracie,3,10
2015/07/01 00:00:00,Trikolora Svobodní Soukromníci,0,12
2015/07/01 00:00:00,Komunistická strana Čech a Moravy,0,5
2015/07/01 00:00:00,Strana zelených,8,9
2015/07/01 00:00:00,Robert Šlachta,3,7
2015/07/01 00:00:00,KDU-ČSL,20,4
2015/07/01 00:00:00,Občanská demokratická strana,0,6
